{
  "F7WS84": {
    "id": "F7WS84",
    "question_ids": [
      38,
      39,
      40,
      13,
      63,
      45,
      67,
      41,
      6,
      16
    ],
    "current_index": 7,
    "players": {
      "lany2": {
        "choice": "a",
        "joined_at": 1780548606.9611912,
        "last_seen": 1780548917.4910648
      }
    },
    "created_at": 1780548578.0820992
  }
}